

CREATE TABLE `bill_item_master` (
  `bim_id` int(10) NOT NULL AUTO_INCREMENT,
  `billid` int(10) NOT NULL,
  `bim_itemid` int(10) NOT NULL,
  `bim_item_quantity` int(11) NOT NULL,
  `bim_item_quantity_price` int(10) NOT NULL,
  `bim_item_price` float(10,2) NOT NULL,
  `order_time` varchar(255) NOT NULL,
  `user_by` varchar(255) NOT NULL,
  `parcel` enum('0','1') NOT NULL,
  PRIMARY KEY (`bim_id`)
) ENGINE=InnoDB AUTO_INCREMENT=208 DEFAULT CHARSET=latin1;


INSERT INTO bill_item_master VALUES
("88","1","1","1","40","40.00","11:44:15","user","0"),
("91","1","18","1","5","5.00","11:44:41","user","0"),
("129","3","1","1","40","40.00","03:05:05","user","0"),
("130","3","8","7","60","60.00","15:08:09","user","0"),
("131","3","8","2","60","120.00","15:12:12","user","0"),
("133","3","5","5","30","150.00","15:15:07","user","0"),
("134","1","10","10","140","1400.00","15:36:47","user","0"),
("135","1","1","4","40","160.00","15:51:47","user","0"),
("136","1","11","1","140","140.00","03:54:29","user","0"),
("137","1","8","5","60","300.00","15:54:49","user","0"),
("138","1","2","1","50","50.00","03:55:00","user","0"),
("139","1","5","1","30","30.00","03:55:05","user","0"),
("140","1","2","7","50","350.00","15:55:20","user","0"),
("141","8","11","1","140","140.00","04:19:58","user","0"),
("142","8","11","1","140","140.00","04:20:04","user","0"),
("146","9","8","1","60","60.00","06:24:32","user","0"),
("147","9","6","1","40","40.00","06:25:35","user","0"),
("148","9","8","5","60","300.00","18:25:41","user","0"),
("150","8","5","1","30","30.00","06:43:24","user","0"),
("151","8","8","1","60","60.00","06:43:47","user","0"),
("152","10","8","1","60","60.00","06:43:57","user","0"),
("153","10","13","1","30","30.00","06:44:02","user","0"),
("154","9","4","1","35","35.00","06:44:05","user","0"),
("155","8","10","5","140","700.00","18:44:11","user","0"),
("156","11","11","1","140","140.00","07:00:24","user","0"),
("157","12","8","1","60","60.00","12:05:45","user","0"),
("160","6","3","1","70","70.00","12:32:50","user","0"),
("163","6","1","1","40","40.00","12:32:52","user","0"),
("164","6","8","1","60","60.00","12:32:53","user","0"),
("166","6","4","1","35","35.00","06:14:03","user","0"),
("167","6","3","1","70","70.00","06:14:05","user","0"),
("168","6","12","1","140","140.00","06:14:19","user","0"),
("170","14","11","2","140","280.00","18:15:17","user","0"),
("172","15","8","1","60","60.00","06:15:28","user","0"),
("173","15","10","1","140","140.00","06:15:35","user","0"),
("175","16","11","15","140","2100.00","18:16:19","user","0"),
("176","15","8","1","60","60.00","06:31:40","admin","0"),
("177","15","8","1","60","60.00","06:31:45","admin","0"),
("178","17","10","1","140","140.00","06:37:28","admin","0"),
("179","17","4","1","35","35.00","06:37:41","admin","0"),
("180","18","5","1","30","30.00","06:37:47","admin","0"),
("181","18","9","1","90","90.00","06:44:41","admin","0"),
("182","19","6","1","40","40.00","06:44:49","admin","0"),
("183","13","7","1","130","130.00","06:45:04","admin","0"),
("184","13","9","1","90","90.00","06:50:27","admin","0"),
("185","13","9","1","90","90.00","06:50:28","admin","0"),
("186","13","9","1","90","90.00","06:50:29","admin","0"),
("187","13","8","2","60","120.00","19:46:16","admin","0"),
("188","13","11","1","140","140.00","07:46:17","admin","0"),
("189","13","11","5","140","700.00","19:46:29","admin","0"),
("190","13","11","5","140","700.00","19:47:02","admin","0"),
("191","13","10","5","140","700.00","19:47:43","admin","0"),
("192","13","5","5","30","150.00","19:47:52","admin","0"),
("193","13","7","5","130","650.00","19:48:00","admin","0"),
("194","10","5","5","30","150.00","19:48:23","admin","0"),
("195","18","3","5","70","350.00","19:48:31","admin","0"),
("196","20","10","5","140","700.00","19:48:41","admin","0"),
("197","15","8","1","60","60.00","10:19:17","user","0"),
("198","15","5","1","30","30.00","10:19:30","user","0"),
("200","15","7","1","130","130.00","10:23:34","user","0"),
("203","6","12","1","140","140.00","10:25:00","user","0"),
("205","17","18","1","5","5.00","10:46:07","user","0"),
("206","20","7","1","130","130.00","11:18:45","user","0"),
("207","20","7","1","130","130.00","11:19:23","user","0");




CREATE TABLE `bill_item_master_original` (
  `bim_id` int(10) NOT NULL AUTO_INCREMENT,
  `billid` int(10) NOT NULL,
  `bim_itemid` int(10) NOT NULL,
  `bim_item_quantity` int(11) NOT NULL,
  `bim_item_quantity_price` int(10) NOT NULL,
  `bim_item_price` float(10,2) NOT NULL,
  PRIMARY KEY (`bim_id`)
) ENGINE=InnoDB DEFAULT CHARSET=latin1;






CREATE TABLE `bill_master` (
  `billid` int(11) NOT NULL AUTO_INCREMENT,
  `bill_name` varchar(100) NOT NULL,
  `bill_mobile` varchar(50) NOT NULL,
  `bill_table` varchar(100) DEFAULT NULL,
  `bill_waiter` varchar(100) DEFAULT NULL,
  `table_part` varchar(5) NOT NULL,
  `bill_status` varchar(25) NOT NULL,
  `bill_notes` varchar(255) NOT NULL,
  `bill_date` datetime NOT NULL,
  `bill_time` time NOT NULL,
  `bill_total` int(10) NOT NULL,
  `t_status` enum('L','C','R') NOT NULL,
  `update_time` time NOT NULL,
  PRIMARY KEY (`billid`)
) ENGINE=InnoDB AUTO_INCREMENT=21 DEFAULT CHARSET=latin1;


INSERT INTO bill_master VALUES
("1","","","1","1","A","nottaken","","2016-06-23 12:13:49","12:13:49","140","C","00:00:00"),
("2","T7","900000000","3","2","A","nottaken","","2016-06-24 12:18:18","12:18:18","90","C","00:00:00"),
("3","tes","","3","1","B","billtaken","","2016-06-23 12:18:51","12:18:51","230","C","00:00:00"),
("4","T7","900000000","3","2","A","nottaken","","2016-06-23 03:41:36","03:41:36","90","C","00:00:00"),
("5","T7","900000000","3","2","A","nottaken","","2016-06-24 05:19:02","05:19:02","90","C","00:00:00"),
("6","T1","900000000","3","5","A","billtaken","","2016-06-23 03:28:24","03:28:24","510","L","10:25:00"),
("8","","","41","1","C","","","2016-06-25 04:19:58","04:19:58","0","L","00:00:00"),
("9","","","42","1","C","","","2016-06-25 05:24:51","05:24:51","0","C","00:00:00"),
("10","","","43","1","C","","","2016-06-25 06:43:57","06:43:57","0","L","00:00:00"),
("11","","","44","1","C","","","2016-06-25 07:00:24","07:00:24","0","L","00:00:00"),
("12","","","45","1","C","","","2016-06-28 12:05:45","12:05:45","0","C","00:00:00"),
("13","","","8","10","A","","","2016-06-28 06:14:40","06:14:40","0","L","00:00:00"),
("14","","","46","1","C","","","2016-06-28 06:15:13","06:15:13","0","L","00:00:00"),
("15","","","1","1","A","","","2016-06-28 06:15:23","10:19:30","0","L","10:23:34"),
("16","","","47","1","C","","","2016-06-28 06:15:52","06:15:52","0","L","00:00:00"),
("17","","","1","1","B","","","2016-06-28 06:37:28","06:37:28","0","L","10:46:07"),
("18","","","4","15","B","","","2016-06-28 06:37:47","06:37:47","0","L","10:45:40"),
("19","","","11","7","B","","","2016-06-28 06:44:49","06:44:49","0","L","11:03:56"),
("20","","","14","4","A","","","2016-06-28 07:48:40","07:48:40","0","L","11:19:23");




CREATE TABLE `bill_master_original` (
  `billid` int(11) NOT NULL AUTO_INCREMENT,
  `bill_name` varchar(100) NOT NULL,
  `bill_mobile` varchar(50) NOT NULL,
  `bill_table` int(10) NOT NULL,
  `bill_waiter` int(10) NOT NULL,
  `bill_status` varchar(25) NOT NULL,
  `bill_notes` varchar(255) NOT NULL,
  `bill_date` datetime NOT NULL,
  `bill_time` time NOT NULL,
  `bill_total` int(10) NOT NULL,
  PRIMARY KEY (`billid`)
) ENGINE=InnoDB DEFAULT CHARSET=latin1;






CREATE TABLE `content` (
  `id` int(10) NOT NULL,
  `file_name` varchar(255) DEFAULT NULL,
  `page_name` varchar(50) DEFAULT NULL,
  `content` text
) ENGINE=InnoDB DEFAULT CHARSET=latin1;






CREATE TABLE `item_master` (
  `itemid` int(10) NOT NULL AUTO_INCREMENT,
  `itemname` varchar(100) NOT NULL,
  `itemprice` float(10,2) NOT NULL,
  `itemnotes` varchar(255) NOT NULL,
  `item_image` varchar(100) NOT NULL,
  PRIMARY KEY (`itemid`)
) ENGINE=InnoDB AUTO_INCREMENT=19 DEFAULT CHARSET=latin1;


INSERT INTO item_master VALUES
("1","Vanilla","40.00","Vanilla","1_vannila.jpg"),
("2","Kaju Draksh","50.00","","2_vannila.jpg"),
("3","Shiv Special","70.00","",""),
("4","King Kone","35.00","","4_thumb320110526075200.jpg"),
("5","Orange Candy","30.00","Orange Candy","5_green-food-grade-disposable-wooden-stick-ice.jpg"),
("6","Mava Candy","40.00","",""),
("7","Sundae","130.00","",""),
("8","Mosambi Juice","60.00","","8_mosambijuice.jpg"),
("9","Faluda","90.00","","9_faluda.jpg"),
("10","Noodles","140.00","","10_veg-noodles.jpg"),
("11","Bhel","140.00","",""),
("12","Manchurian","140.00","","12_maxresdefault.jpg"),
("13","jain bhel","30.00","","13_mens.jpg"),
("18","test","5.00","test","18_j2.jpg");




CREATE TABLE `siteadmin` (
  `admin_id` int(11) NOT NULL AUTO_INCREMENT,
  `username` varchar(40) NOT NULL,
  `password` varchar(40) NOT NULL,
  `fullname` varchar(255) NOT NULL,
  `adminemail` varchar(50) NOT NULL,
  `user_type` enum('1','2') NOT NULL,
  PRIMARY KEY (`admin_id`),
  UNIQUE KEY `username` (`username`)
) ENGINE=InnoDB AUTO_INCREMENT=3 DEFAULT CHARSET=latin1;


INSERT INTO siteadmin VALUES
("1","admin","21232f297a57a5a743894a0e4a801fc3","shive admin","admin@gmail.com","1"),
("2","user","ee11cbb19052e40b07aac0ca060c23ee","","user@gmail.com","2");




CREATE TABLE `table_master` (
  `tid` int(11) NOT NULL AUTO_INCREMENT,
  `tname` varchar(20) NOT NULL,
  PRIMARY KEY (`tid`)
) ENGINE=InnoDB AUTO_INCREMENT=23 DEFAULT CHARSET=latin1;


INSERT INTO table_master VALUES
("3","1"),
("4","2"),
("5","3"),
("6","4"),
("7","5"),
("8","6"),
("9","7"),
("10","8"),
("11","9"),
("12","10"),
("13","11"),
("14","12"),
("15","13"),
("16","14"),
("17","15"),
("18","16"),
("19","17"),
("20","18"),
("21","19"),
("22","20");




CREATE TABLE `temp_bill_item_master` (
  `bim_id` int(10) NOT NULL AUTO_INCREMENT,
  `billid` int(10) NOT NULL,
  `bim_itemid` int(10) NOT NULL,
  `bim_item_quantity` int(11) NOT NULL,
  `bim_item_quantity_price` int(10) NOT NULL,
  `bim_item_price` float(10,2) NOT NULL,
  PRIMARY KEY (`bim_id`)
) ENGINE=InnoDB AUTO_INCREMENT=176 DEFAULT CHARSET=latin1;


INSERT INTO temp_bill_item_master VALUES
("4","3","4","3","35","105.00"),
("5","3","5","3","30","90.00"),
("6","4","10","2","140","280.00"),
("7","4","5","2","30","60.00"),
("8","5","7","2","130","260.00"),
("9","6","6","5","40","200.00"),
("10","7","5","3","30","90.00"),
("11","8","6","5","40","200.00"),
("12","8","2","2","50","100.00"),
("13","9","3","3","70","210.00"),
("14","10","12","2","140","280.00"),
("15","2","4","2","35","70.00"),
("16","11","7","2","130","260.00"),
("17","12","11","5","140","700.00"),
("18","13","11","1","140","140.00"),
("19","13","9","2","90","180.00"),
("20","13","2","3","50","150.00"),
("21","14","11","10","140","1400.00"),
("22","14","9","11","90","990.00"),
("23","14","2","12","50","600.00"),
("24","15","11","1","140","140.00"),
("25","16","11","2","140","280.00"),
("26","16","9","1","90","90.00"),
("27","17","11","3","140","420.00"),
("28","17","9","2","90","180.00"),
("29","17","2","1","50","50.00"),
("33","23","11","2","140","280.00"),
("34","24","6","3","40","120.00"),
("35","25","6","5","40","200.00"),
("36","26","4","3","35","105.00"),
("37","27","11","2","140","280.00"),
("38","27","5","2","30","60.00"),
("39","28","1","3","40","120.00"),
("40","28","3","3","70","210.00"),
("41","28","4","2","35","70.00"),
("42","29","11","2","140","280.00"),
("43","30","7","2","130","260.00"),
("44","31","11","1","140","140.00"),
("45","32","4","2","35","70.00"),
("46","33","5","3","30","90.00"),
("47","34","6","5","40","200.00"),
("48","35","1","3","40","120.00"),
("49","35","3","3","70","210.00"),
("50","35","4","2","35","70.00"),
("51","36","1","3","40","120.00"),
("52","36","3","3","70","210.00"),
("53","36","4","2","35","70.00"),
("54","37","11","2","140","280.00"),
("55","38","7","2","130","260.00"),
("56","39","4","2","35","70.00"),
("57","40","4","2","35","70.00"),
("58","41","4","3","35","105.00"),
("59","41","5","3","30","90.00"),
("60","42","5","3","30","90.00"),
("61","43","1","3","40","120.00"),
("62","43","3","3","70","210.00"),
("63","43","4","2","35","70.00"),
("64","44","11","2","140","280.00"),
("65","45","7","2","130","260.00"),
("66","46","4","2","35","70.00"),
("67","47","4","2","35","70.00"),
("68","48","4","3","35","105.00"),
("69","48","5","3","30","90.00"),
("70","49","5","3","30","90.00"),
("71","50","11","2","140","280.00"),
("72","50","2","5","50","250.00"),
("73","51","9","2","90","180.00"),
("74","51","8","10","60","600.00"),
("75","51","8","50","60","3000.00"),
("76","52","9","10","90","900.00"),
("77","52","2","20","50","1000.00"),
("78","52","9","30","90","2700.00"),
("87","53","5","3","30","90.00"),
("88","53","10","3","140","420.00"),
("89","54","9","2","90","180.00"),
("90","54","8","10","60","600.00"),
("91","54","8","50","60","3000.00"),
("92","55","4","2","35","70.00"),
("93","56","10","2","140","280.00"),
("94","56","5","2","30","60.00"),
("95","57","4","2","35","70.00"),
("96","58","11","3","140","420.00"),
("97","58","9","2","90","180.00"),
("98","58","2","1","50","50.00"),
("99","59","7","2","130","260.00"),
("100","60","6","5","40","200.00"),
("101","61","5","3","30","90.00"),
("102","62","5","3","30","90.00"),
("103","62","10","3","140","420.00"),
("104","63","9","2","90","180.00"),
("105","63","8","10","60","600.00"),
("106","63","8","50","60","3000.00"),
("107","64","4","2","35","70.00"),
("108","65","10","2","140","280.00"),
("109","65","5","2","30","60.00"),
("110","66","4","2","35","70.00"),
("111","67","11","3","140","420.00"),
("112","67","9","2","90","180.00"),
("113","67","2","1","50","50.00"),
("114","68","7","2","130","260.00");
INSERT INTO temp_bill_item_master VALUES
("115","69","6","5","40","200.00"),
("116","70","5","3","30","90.00"),
("117","71","5","3","30","90.00"),
("118","72","5","3","30","90.00"),
("119","72","10","3","140","420.00"),
("120","73","5","3","30","90.00"),
("121","73","10","3","140","420.00"),
("122","74","9","2","90","180.00"),
("123","74","8","10","60","600.00"),
("124","74","8","50","60","3000.00"),
("125","75","4","2","35","70.00"),
("126","76","10","2","140","280.00"),
("127","76","5","2","30","60.00"),
("128","77","4","2","35","70.00"),
("129","78","11","3","140","420.00"),
("130","78","9","2","90","180.00"),
("131","78","2","1","50","50.00"),
("132","79","7","2","130","260.00"),
("133","80","6","5","40","200.00"),
("134","81","5","3","30","90.00"),
("135","82","5","3","30","90.00"),
("136","82","10","3","140","420.00"),
("137","83","9","2","90","180.00"),
("138","83","8","10","60","600.00"),
("139","83","8","50","60","3000.00"),
("140","84","4","2","35","70.00"),
("141","85","10","2","140","280.00"),
("142","85","5","2","30","60.00"),
("143","86","4","2","35","70.00"),
("144","87","11","3","140","420.00"),
("145","87","9","2","90","180.00"),
("146","87","2","1","50","50.00"),
("147","88","7","2","130","260.00"),
("148","89","6","5","40","200.00"),
("149","90","5","3","30","90.00"),
("150","91","6","3","40","120.00"),
("151","92","9","2","90","180.00"),
("152","92","8","10","60","600.00"),
("153","92","8","50","60","3000.00"),
("154","93","5","3","30","90.00"),
("155","94","4","2","35","70.00"),
("156","95","5","3","30","90.00"),
("157","96","5","3","30","90.00"),
("158","97","11","5","140","700.00"),
("159","97","9","3","90","270.00"),
("160","97","4","3","35","105.00"),
("161","97","8","10","60","600.00"),
("162","98","6","3","40","120.00"),
("163","99","9","2","90","180.00"),
("164","99","8","10","60","600.00"),
("165","99","8","50","60","3000.00"),
("166","100","5","3","30","90.00"),
("167","101","4","2","35","70.00"),
("168","102","5","3","30","90.00"),
("169","103","5","3","30","90.00"),
("170","104","11","5","140","700.00"),
("171","104","9","3","90","270.00"),
("172","104","4","3","35","105.00"),
("173","104","8","10","60","600.00"),
("174","1","5","3","30","90.00"),
("175","1","10","3","140","420.00");




CREATE TABLE `temp_bill_master` (
  `billid` int(11) NOT NULL AUTO_INCREMENT,
  `bill_name` varchar(100) NOT NULL,
  `bill_mobile` varchar(50) NOT NULL,
  `bill_table` int(10) NOT NULL,
  `bill_waiter` int(10) NOT NULL,
  `bill_status` varchar(25) NOT NULL,
  `bill_notes` varchar(255) NOT NULL,
  `bill_date` datetime NOT NULL,
  `bill_time` time NOT NULL,
  `bill_total` int(10) NOT NULL,
  PRIMARY KEY (`billid`)
) ENGINE=InnoDB AUTO_INCREMENT=105 DEFAULT CHARSET=latin1;


INSERT INTO temp_bill_master VALUES
("1","T1","900000000","3","5","billtaken","","2016-04-27 17:12:30","17:12:30","510"),
("2","T2","900000000","3","5","nottaken","","2016-04-27 17:13:45","17:13:45","70"),
("3","T3","900000000","3","5","nottaken","","2016-04-27 17:14:26","17:14:26","195"),
("4","T4","900000000","3","2","nottaken","","2016-04-27 17:14:58","17:14:58","340"),
("5","T5","900000000","3","2","nottaken","","2016-04-27 17:15:26","17:15:26","260"),
("6","T6","900000000","2","4","nottaken","","2016-04-27 17:15:48","17:15:48","200"),
("7","T7","900000000","3","2","nottaken","","2016-04-27 17:16:47","17:16:47","90"),
("8","T8","910000000","3","2","nottaken","","2016-04-28 13:10:56","13:10:56","300"),
("9","T9","900000000","3","2","nottaken","","2016-04-28 13:11:22","13:11:22","210"),
("10","T10","900000000","3","2","nottaken","","2016-04-28 13:11:55","13:11:55","280"),
("11","T2","900000000","3","5","nottaken","","2016-04-27 00:00:00","17:13:45","70"),
("12","rakesh","7505000000","7","7","nottaken","","2016-05-05 09:17:34","13:17:34","700"),
("13","","","5","4","nottaken","","2016-05-08 23:14:55","03:14:55","470"),
("14","","","1","2","nottaken","","2016-05-08 23:15:59","03:15:59","2990"),
("15","","","1","1","nottaken","","2016-05-10 01:29:07","05:29:07","140"),
("16","","","1","1","nottaken","","2016-05-10 01:29:33","05:29:33","370"),
("17","","","1","1","nottaken","","2016-05-10 01:30:13","05:30:13","650"),
("23","002","900000000","5","6","nottaken","","2016-05-20 11:54:58","11:54:58","280"),
("24","08","900000000","8","8","nottaken","","2016-05-30 16:26:57","16:26:57","120"),
("25","T6","900000000","2","4","nottaken","","2016-05-20 00:00:00","00:00:00","200"),
("26","09","900000000","9","9","nottaken","","2016-05-30 16:27:20","16:27:20","105"),
("27","010","900000000","10","10","nottaken","","2016-05-30 16:28:01","16:28:01","340"),
("28","T2","900000000","3","5","nottaken","","2016-05-20 11:54:23","11:54:23","70"),
("29","test","900000000","5","6","nottaken","","2016-05-20 11:54:58","11:54:58","280"),
("30","T2","900000000","3","5","nottaken","","2016-05-20 11:55:23","11:55:23","70"),
("31","","","1","1","nottaken","","2016-05-20 00:00:00","00:00:00","140"),
("32","T2","900000000","3","5","nottaken","","2016-05-20 00:00:00","00:00:00","70"),
("33","T7","900000000","3","2","nottaken","","2016-05-20 00:00:00","00:00:00","90"),
("34","T6","900000000","2","4","nottaken","","2016-05-20 00:00:00","00:00:00","200"),
("35","T2","900000000","3","5","nottaken","","2016-05-20 11:54:23","11:54:23","70"),
("36","T2","900000000","3","5","nottaken","","2016-05-20 11:54:23","11:54:23","70"),
("37","test","900000000","5","6","nottaken","","2016-05-20 11:54:58","11:54:58","280"),
("38","T2","900000000","3","5","nottaken","","2016-05-20 11:55:23","11:55:23","70"),
("39","T2","900000000","3","5","nottaken","","2016-05-20 00:00:00","00:00:00","70"),
("40","T2","900000000","3","5","nottaken","","2016-05-20 00:00:00","00:00:00","70"),
("41","T3","900000000","3","5","nottaken","","2016-05-20 00:00:00","00:00:00","195"),
("42","T7","900000000","3","2","nottaken","","2016-05-20 00:00:00","00:00:00","90"),
("43","T2","900000000","3","5","nottaken","","2016-05-20 11:54:23","11:54:23","70"),
("44","test","900000000","5","6","nottaken","","2016-05-20 11:54:58","11:54:58","280"),
("45","T2","900000000","3","5","nottaken","","2016-05-20 11:55:23","11:55:23","70"),
("46","T2","900000000","3","5","nottaken","","2016-05-20 00:00:00","00:00:00","70"),
("47","T2","900000000","3","5","nottaken","","2016-05-20 00:00:00","00:00:00","70"),
("48","T3","900000000","3","5","nottaken","","2016-05-20 00:00:00","00:00:00","195"),
("49","T7","900000000","3","2","nottaken","","2016-05-20 00:00:00","00:00:00","90"),
("50","","","1","4","nottaken","","2016-06-21 10:46:52","10:46:52","530"),
("51","","","1","4","nottaken","","2016-06-21 10:48:02","10:48:02","3780"),
("52","","","1","4","nottaken","","2016-06-21 10:48:29","10:48:29","4600"),
("53","T1","900000000","3","5","nottaken","","2016-06-21 10:46:52","10:46:52","510"),
("54","","","1","4","nottaken","","2016-06-21 10:48:02","10:48:02","3780"),
("55","T2","900000000","3","5","nottaken","","2016-06-21 10:48:29","10:48:29","70"),
("56","T4","900000000","3","2","nottaken","","2016-06-21 00:00:00","00:00:00","340"),
("57","T2","900000000","3","5","nottaken","","2016-06-21 00:00:00","00:00:00","70"),
("58","","","1","1","nottaken","","2016-06-21 00:00:00","00:00:00","650"),
("59","T2","900000000","3","5","nottaken","","2016-06-21 00:00:00","00:00:00","70"),
("60","T6","900000000","2","4","nottaken","","2016-06-21 00:00:00","00:00:00","200"),
("61","T7","900000000","3","2","nottaken","","2016-06-21 00:00:00","00:00:00","90"),
("62","T1","900000000","3","5","nottaken","","2016-06-21 10:46:52","10:46:52","510"),
("63","","","1","4","nottaken","","2016-06-21 10:48:02","10:48:02","3780"),
("64","T2","900000000","3","5","nottaken","","2016-06-21 10:48:29","10:48:29","70"),
("65","T4","900000000","3","2","nottaken","","2016-06-21 00:00:00","00:00:00","340"),
("66","T2","900000000","3","5","nottaken","","2016-06-21 00:00:00","00:00:00","70"),
("67","","","1","1","nottaken","","2016-06-21 00:00:00","00:00:00","650"),
("68","T2","900000000","3","5","nottaken","","2016-06-21 00:00:00","00:00:00","70"),
("69","T6","900000000","2","4","nottaken","","2016-06-21 00:00:00","00:00:00","200"),
("70","T7","900000000","3","2","nottaken","","2016-06-21 00:00:00","00:00:00","90"),
("71","T7","900000000","3","2","nottaken","","2016-06-21 00:00:00","00:00:00","90"),
("72","T1","900000000","3","5","nottaken","","2016-06-21 10:46:52","10:46:52","510"),
("73","T1","900000000","3","5","nottaken","","2016-06-21 10:46:52","10:46:52","510"),
("74","","","1","4","nottaken","","2016-06-21 10:48:02","10:48:02","3780"),
("75","T2","900000000","3","5","nottaken","","2016-06-21 10:48:29","10:48:29","70"),
("76","T4","900000000","3","2","nottaken","","2016-06-21 00:00:00","00:00:00","340"),
("77","T2","900000000","3","5","nottaken","","2016-06-21 00:00:00","00:00:00","70"),
("78","","","1","1","nottaken","","2016-06-21 00:00:00","00:00:00","650"),
("79","T2","900000000","3","5","nottaken","","2016-06-21 00:00:00","00:00:00","70"),
("80","T6","900000000","2","4","nottaken","","2016-06-21 00:00:00","00:00:00","200"),
("81","T7","900000000","3","2","nottaken","","2016-06-21 00:00:00","00:00:00","90"),
("82","T1","900000000","3","5","nottaken","","2016-06-21 10:46:52","10:46:52","510"),
("83","","","1","4","nottaken","","2016-06-21 10:48:02","10:48:02","3780"),
("84","T2","900000000","3","5","nottaken","","2016-06-21 10:48:29","10:48:29","70"),
("85","T4","900000000","3","2","nottaken","","2016-06-21 00:00:00","00:00:00","340"),
("86","T2","900000000","3","5","nottaken","","2016-06-21 00:00:00","00:00:00","70"),
("87","","","1","1","nottaken","","2016-06-21 00:00:00","00:00:00","650"),
("88","T2","900000000","3","5","nottaken","","2016-06-21 00:00:00","00:00:00","70"),
("89","T6","900000000","2","4","nottaken","","2016-06-21 00:00:00","00:00:00","200"),
("90","T7","900000000","3","2","nottaken","","2016-06-21 00:00:00","00:00:00","90"),
("91","08","900000000","8","8","nottaken","","2016-06-21 10:46:52","10:46:52","120"),
("92","","","1","4","nottaken","","2016-06-21 10:48:02","10:48:02","3780"),
("93","T7","900000000","3","2","nottaken","","2016-06-21 10:48:29","10:48:29","90"),
("94","T2","900000000","3","5","nottaken","","2016-06-21 00:00:00","00:00:00","70"),
("95","T7","900000000","3","2","nottaken","","2016-06-21 00:00:00","00:00:00","90"),
("96","T7","900000000","3","2","nottaken","","2016-06-21 00:00:00","00:00:00","90"),
("97","","","1","4","nottaken","","2016-06-21 18:14:07","18:14:07","1675"),
("98","08","900000000","8","8","nottaken","","2016-06-21 10:46:52","10:46:52","120"),
("99","","","1","4","nottaken","","2016-06-21 10:48:02","10:48:02","3780"),
("100","T7","900000000","3","2","nottaken","","2016-06-21 10:48:29","10:48:29","90"),
("101","T2","900000000","3","5","nottaken","","2016-06-21 00:00:00","00:00:00","70"),
("102","T7","900000000","3","2","nottaken","","2016-06-21 00:00:00","00:00:00","90"),
("103","T7","900000000","3","2","nottaken","","2016-06-21 00:00:00","00:00:00","90"),
("104","","","1","4","nottaken","","2016-06-21 18:14:07","18:14:07","1675");




CREATE TABLE `waiter_master` (
  `waiter_id` int(11) NOT NULL AUTO_INCREMENT,
  `waiter` varchar(20) NOT NULL,
  PRIMARY KEY (`waiter_id`)
) ENGINE=InnoDB AUTO_INCREMENT=17 DEFAULT CHARSET=latin1;


INSERT INTO waiter_master VALUES
("1","T"),
("2","N"),
("3","G"),
("4","A"),
("5","J"),
("6","D"),
("7","V"),
("8","B"),
("9","F"),
("10","O"),
("11","M"),
("12","L"),
("13","U"),
("14","H"),
("15","K"),
("16","P");


